"GISJOIN","year","state","population"
"G090",1790,"CT",237655
"G100",1790,"DE",59096
"G130",1790,"GA",82548
"G240",1790,"MD",319728
"G250",1790,"MA",475199
"G330",1790,"NH",141899
"G340",1790,"NJ",184139
"G360",1790,"NY",340241
"G370",1790,"NC",395005
"G420",1790,"PA",433611
"G440",1790,"RI",69112
"G450",1790,"SC",249073
"G465",1790,"DC",35691
"G500",1790,"VT",85341
"G510",1790,"VA",821287
"G090",1800,"CT",251002
"G100",1800,"DE",64273
"G110",1800,"DC",14093
"G130",1800,"GA",162686
"G185",1800,"DC",5641
"G210",1800,"KY",220955
"G240",1800,"MD",341548
"G250",1800,"MA",574564
"G285",1800,"DC",8850
"G330",1800,"NH",183858
"G340",1800,"NJ",211149
"G360",1800,"NY",589051
"G370",1800,"NC",478103
"G385",1800,"DC",45365
"G420",1800,"PA",602365
"G440",1800,"RI",69122
"G450",1800,"SC",345591
"G470",1800,"TN",105602
"G500",1800,"VT",154465
"G510",1800,"VA",880200
"G090",1810,"CT",261942
"G100",1810,"DE",72674
"G110",1810,"DC",24023
"G130",1810,"GA",252433
"G175",1810,"DC",12282
"G185",1810,"DC",24520
"G210",1810,"KY",406511
"G225",1810,"DC",20845
"G240",1810,"MD",380546
"G250",1810,"MA",700745
"G265",1810,"DC",4762
"G285",1810,"DC",40352
"G330",1810,"NH",214460
"G340",1810,"NJ",245562
"G360",1810,"NY",959049
"G370",1810,"NC",555500
"G390",1810,"OH",230760
"G417",1810,"DC",76556
"G420",1810,"PA",810091
"G440",1810,"RI",76931
"G450",1810,"SC",415115
"G470",1810,"TN",261727
"G500",1810,"VT",217895
"G510",1810,"VA",974600
"G010",1820,"AL",127901
"G055",1820,"DC",14273
"G090",1820,"CT",275248
"G100",1820,"DE",72749
"G110",1820,"DC",33039
"G130",1820,"GA",340989
"G170",1820,"IL",55211
"G180",1820,"IN",147178
"G210",1820,"KY",564317
"G220",1820,"LA",153407
"G230",1820,"ME",298335
"G240",1820,"MD",407350
"G250",1820,"MA",523287
"G265",1820,"DC",8896
"G280",1820,"MS",75448
"G295",1820,"DC",66586
"G330",1820,"NH",244161
"G340",1820,"NJ",277575
"G360",1820,"NY",1372812
"G370",1820,"NC",638829
"G390",1820,"OH",581434
"G420",1820,"PA",1049458
"G440",1820,"RI",83059
"G450",1820,"SC",502741
"G470",1820,"TN",422813
"G500",1820,"VT",235764
"G510",1820,"VA",1065379
"G010",1830,"AL",309527
"G055",1830,"DC",30388
"G090",1830,"CT",297675
"G100",1830,"DE",76748
"G110",1830,"DC",39834
"G125",1830,"DC",34730
"G130",1830,"GA",516823
"G170",1830,"IL",157445
"G180",1830,"IN",343031
"G210",1830,"KY",687917
"G220",1830,"LA",215739
"G230",1830,"ME",399455
"G240",1830,"MD",447040
"G250",1830,"MA",610408
"G265",1830,"DC",31639
"G280",1830,"MS",136621
"G290",1830,"MO",140455
"G330",1830,"NH",269328
"G340",1830,"NJ",320823
"G360",1830,"NY",1918608
"G370",1830,"NC",737987
"G390",1830,"OH",937903
"G420",1830,"PA",1348233
"G440",1830,"RI",97199
"G450",1830,"SC",581185
"G470",1830,"TN",681904
"G500",1830,"VT",280652
"G510",1830,"VA",1211405
"G010",1840,"AL",590756
"G050",1840,"AR",97574
"G090",1840,"CT",309978
"G100",1840,"DE",78085
"G110",1840,"DC",43712
"G125",1840,"DC",54477
"G130",1840,"GA",691392
"G170",1840,"IL",476183
"G180",1840,"IN",685866
"G195",1840,"DC",43112
"G210",1840,"KY",779828
"G220",1840,"LA",352411
"G230",1840,"ME",501793
"G240",1840,"MD",470019
"G250",1840,"MA",737699
"G260",1840,"MI",212267
"G280",1840,"MS",375651
"G290",1840,"MO",383702
"G330",1840,"NH",284574
"G340",1840,"NJ",373306
"G360",1840,"NY",2428921
"G370",1840,"NC",753419
"G390",1840,"OH",1519467
"G420",1840,"PA",1724033
"G440",1840,"RI",108830
"G450",1840,"SC",594398
"G470",1840,"TN",829210
"G500",1840,"VT",291948
"G510",1840,"VA",1239797
"G555",1840,"DC",30945
"G010",1850,"AL",771623
"G050",1850,"AR",209897
"G060",1850,"CA",92597
"G090",1850,"CT",370792
"G100",1850,"DE",91532
"G110",1850,"DC",51687
"G120",1850,"FL",87445
"G130",1850,"GA",906185
"G170",1850,"IL",851470
"G180",1850,"IN",988416
"G190",1850,"IA",192214
"G210",1850,"KY",982405
"G220",1850,"LA",517762
"G230",1850,"ME",583169
"G240",1850,"MD",583034
"G250",1850,"MA",994514
"G260",1850,"MI",397654
"G275",1850,"DC",6077
"G280",1850,"MS",606526
"G290",1850,"MO",682044
"G330",1850,"NH",317976
"G340",1850,"NJ",489555
"G355",1850,"DC",61547
"G360",1850,"NY",3097394
"G370",1850,"NC",869039
"G390",1850,"OH",1980329
"G413",1850,"DC",13294
"G420",1850,"PA",2311786
"G440",1850,"RI",147545
"G450",1850,"SC",668507
"G470",1850,"TN",1002717
"G480",1850,"TX",212592
"G495",1850,"DC",11380
"G500",1850,"VT",314120
"G510",1850,"VA",1421661
"G550",1850,"WI",305391
"G010",1860,"AL",964201
"G050",1860,"AR",435450
"G060",1860,"CA",379994
"G085",1860,"DC",34277
"G090",1860,"CT",460147
"G095",1860,"DC",4837
"G100",1860,"DE",112216
"G110",1860,"DC",75080
"G120",1860,"FL",140424
"G130",1860,"GA",1057286
"G170",1860,"IL",1711951
"G180",1860,"IN",1350428
"G190",1860,"IA",674913
"G205",1860,"DC",107206
"G210",1860,"KY",1155684
"G220",1860,"LA",708002
"G230",1860,"ME",628279
"G240",1860,"MD",687049
"G250",1860,"MA",1231066
"G260",1860,"MI",749113
"G270",1860,"MN",172023
"G280",1860,"MS",791305
"G290",1860,"MO",1182012
"G315",1860,"DC",28841
"G325",1860,"DC",6857
"G330",1860,"NH",326073
"G340",1860,"NJ",672035
"G355",1860,"DC",93516
"G360",1860,"NY",3880735
"G370",1860,"NC",992622
"G390",1860,"OH",2339511
"G410",1860,"OR",52465
"G420",1860,"PA",2906215
"G440",1860,"RI",174620
"G450",1860,"SC",703708
"G470",1860,"TN",1109801
"G480",1860,"TX",604215
"G495",1860,"DC",40273
"G500",1860,"VT",315098
"G510",1860,"VA",1596318
"G535",1860,"DC",11594
"G550",1860,"WI",775881
"G010",1870,"AL",996992
"G045",1870,"DC",9658
"G050",1870,"AR",484471
"G060",1870,"CA",560247
"G085",1870,"DC",39864
"G090",1870,"CT",537454
"G095",1870,"DC",14181
"G100",1870,"DE",125015
"G110",1870,"DC",131700
"G120",1870,"FL",187748
"G130",1870,"GA",1184109
"G165",1870,"DC",14999
"G170",1870,"IL",2539891
"G180",1870,"IN",1680637
"G190",1870,"IA",1194020
"G200",1870,"KS",364399
"G210",1870,"KY",1321011
"G220",1870,"LA",726915
"G230",1870,"ME",626915
"G240",1870,"MD",780894
"G250",1870,"MA",1457351
"G260",1870,"MI",1184059
"G270",1870,"MN",439706
"G280",1870,"MS",827922
"G290",1870,"MO",1721295
"G305",1870,"DC",20595
"G310",1870,"NE",122993
"G320",1870,"NV",42491
"G330",1870,"NH",318300
"G340",1870,"NJ",906096
"G355",1870,"DC",91874
"G360",1870,"NY",4382759
"G370",1870,"NC",1071361
"G390",1870,"OH",2665260
"G410",1870,"OR",90923
"G420",1870,"PA",3521951
"G440",1870,"RI",217353
"G450",1870,"SC",705606
"G470",1870,"TN",1258520
"G480",1870,"TX",818579
"G495",1870,"DC",86786
"G500",1870,"VT",330551
"G510",1870,"VA",1225163
"G535",1870,"DC",23955
"G540",1870,"WV",442014
"G550",1870,"WI",1054670
"G565",1870,"DC",9118
"G010",1880,"AL",1262505
"G025",1880,"DC",33426
"G045",1880,"DC",40440
"G050",1880,"AR",802525
"G060",1880,"CA",864694
"G080",1880,"CO",194327
"G090",1880,"CT",622700
"G095",1880,"DC",135177
"G100",1880,"DE",146608
"G110",1880,"DC",177624
"G120",1880,"FL",269493
"G130",1880,"GA",1542180
"G165",1880,"DC",32610
"G170",1880,"IL",3077871
"G180",1880,"IN",1978301
"G190",1880,"IA",1624615
"G200",1880,"KS",996096
"G210",1880,"KY",1648690
"G220",1880,"LA",939946
"G230",1880,"ME",648936
"G240",1880,"MD",934943
"G250",1880,"MA",1783085
"G260",1880,"MI",1636937
"G270",1880,"MN",780773
"G280",1880,"MS",1131597
"G290",1880,"MO",2168380
"G305",1880,"DC",39159
"G310",1880,"NE",452402
"G320",1880,"NV",62266
"G330",1880,"NH",346991
"G340",1880,"NJ",1131116
"G355",1880,"DC",119565
"G360",1880,"NY",5082871
"G370",1880,"NC",1399750
"G390",1880,"OH",3198062
"G410",1880,"OR",174768
"G420",1880,"PA",4282891
"G440",1880,"RI",276531
"G450",1880,"SC",995577
"G470",1880,"TN",1542359
"G480",1880,"TX",1591749
"G495",1880,"DC",143963
"G500",1880,"VT",332286
"G510",1880,"VA",1512565
"G535",1880,"DC",75116
"G540",1880,"WV",618457
"G550",1880,"WI",1315497
"G565",1880,"DC",20789
"G010",1890,"AL",1513017
"G025",1890,"DC",32052
"G045",1890,"DC",59620
"G050",1890,"AR",1128179
"G060",1890,"CA",1208130
"G080",1890,"CO",412198
"G090",1890,"CT",746258
"G100",1890,"DE",168493
"G110",1890,"DC",230392
"G120",1890,"FL",391422
"G130",1890,"GA",1837353
"G160",1890,"ID",84385
"G170",1890,"IL",3826351
"G178",1890,"DC",NA
"G180",1890,"IN",2192404
"G190",1890,"IA",1911896
"G200",1890,"KS",1427096
"G210",1890,"KY",1858635
"G220",1890,"LA",1118587
"G230",1890,"ME",661086
"G240",1890,"MD",1042390
"G250",1890,"MA",2238943
"G260",1890,"MI",2093889
"G270",1890,"MN",1301826
"G280",1890,"MS",1289600
"G290",1890,"MO",2679184
"G300",1890,"MT",132159
"G310",1890,"NE",1058910
"G320",1890,"NV",45761
"G330",1890,"NH",376530
"G340",1890,"NJ",1444933
"G355",1890,"DC",153593
"G360",1890,"NY",5997853
"G370",1890,"NC",1617947
"G380",1890,"ND",182719
"G390",1890,"OH",3672316
"G405",1890,"DC",61834
"G410",1890,"OR",313767
"G420",1890,"PA",5258014
"G440",1890,"RI",345506
"G450",1890,"SC",1151149
"G460",1890,"SD",328808
"G470",1890,"TN",1767518
"G480",1890,"TX",2235523
"G495",1890,"DC",207905
"G500",1890,"VT",332422
"G510",1890,"VA",1655980
"G530",1890,"WA",349390
"G540",1890,"WV",762794
"G550",1890,"WI",1686880
"G560",1890,"WY",60705
"G010",1900,"AL",1828697
"G025",1900,"DC",63592
"G045",1900,"DC",122931
"G050",1900,"AR",1311564
"G060",1900,"CA",1485053
"G080",1900,"CO",539700
"G090",1900,"CT",908420
"G100",1900,"DE",184735
"G110",1900,"DC",278718
"G120",1900,"FL",528542
"G130",1900,"GA",2216331
"G155",1900,"DC",154001
"G160",1900,"ID",161772
"G170",1900,"IL",4821550
"G178",1900,"DC",392060
"G180",1900,"IN",2516462
"G190",1900,"IA",2231853
"G200",1900,"KS",1470495
"G210",1900,"KY",2147174
"G220",1900,"LA",1381625
"G230",1900,"ME",694466
"G240",1900,"MD",1188044
"G250",1900,"MA",2805346
"G260",1900,"MI",2420982
"G270",1900,"MN",1751394
"G280",1900,"MS",1551270
"G290",1900,"MO",3106665
"G300",1900,"MT",243329
"G310",1900,"NE",1066300
"G320",1900,"NV",42335
"G330",1900,"NH",411588
"G340",1900,"NJ",1883669
"G355",1900,"DC",195310
"G360",1900,"NY",7268894
"G370",1900,"NC",1893810
"G380",1900,"ND",319146
"G390",1900,"OH",4157545
"G405",1900,"DC",398331
"G410",1900,"OR",413536
"G420",1900,"PA",6302115
"G440",1900,"RI",428556
"G450",1900,"SC",1340316
"G460",1900,"SD",401570
"G470",1900,"TN",2020616
"G480",1900,"TX",3048710
"G490",1900,"UT",276749
"G500",1900,"VT",343641
"G510",1900,"VA",1854184
"G530",1900,"WA",518103
"G540",1900,"WV",958800
"G550",1900,"WI",2069042
"G560",1900,"WY",92531
"G999",1900,"DC",91219
"G010",1910,"AL",2138093
"G025",1910,"DC",64356
"G045",1910,"DC",204354
"G050",1910,"AR",1574449
"G060",1910,"CA",2377549
"G080",1910,"CO",799024
"G090",1910,"CT",1114756
"G100",1910,"DE",202322
"G110",1910,"DC",331069
"G120",1910,"FL",752619
"G130",1910,"GA",2609121
"G155",1910,"DC",191909
"G160",1910,"ID",325594
"G170",1910,"IL",5638591
"G180",1910,"IN",2700876
"G190",1910,"IA",2224771
"G200",1910,"KS",1690949
"G210",1910,"KY",2289905
"G220",1910,"LA",1656388
"G230",1910,"ME",742371
"G240",1910,"MD",1295346
"G250",1910,"MA",3366416
"G260",1910,"MI",2810173
"G270",1910,"MN",2075708
"G280",1910,"MS",1797114
"G290",1910,"MO",3293335
"G300",1910,"MT",376053
"G310",1910,"NE",1192214
"G320",1910,"NV",81875
"G330",1910,"NH",430572
"G340",1910,"NJ",2537167
"G355",1910,"DC",327301
"G360",1910,"NY",9113614
"G370",1910,"NC",2206287
"G380",1910,"ND",577056
"G390",1910,"OH",4767121
"G400",1910,"OK",1657155
"G410",1910,"OR",672765
"G420",1910,"PA",7665111
"G440",1910,"RI",542610
"G450",1910,"SC",1515400
"G460",1910,"SD",583888
"G470",1910,"TN",2184789
"G480",1910,"TX",3896542
"G490",1910,"UT",373351
"G500",1910,"VT",355956
"G510",1910,"VA",2061612
"G530",1910,"WA",1141990
"G540",1910,"WV",1221119
"G550",1910,"WI",2333860
"G560",1910,"WY",145965
"G010",1920,"AL",2348174
"G025",1920,"DC",55036
"G040",1920,"AZ",334162
"G050",1920,"AR",1752204
"G060",1920,"CA",3426861
"G080",1920,"CO",939629
"G090",1920,"CT",1380631
"G100",1920,"DE",223003
"G110",1920,"DC",437571
"G120",1920,"FL",968470
"G130",1920,"GA",2895832
"G155",1920,"DC",255881
"G160",1920,"ID",431866
"G170",1920,"IL",6485280
"G180",1920,"IN",2930390
"G190",1920,"IA",2404021
"G200",1920,"KS",1769257
"G210",1920,"KY",2416630
"G220",1920,"LA",1798509
"G230",1920,"ME",768014
"G240",1920,"MD",1449661
"G250",1920,"MA",3852356
"G260",1920,"MI",3668412
"G270",1920,"MN",2387125
"G280",1920,"MS",1790618
"G290",1920,"MO",3404055
"G300",1920,"MT",548889
"G310",1920,"NE",1296372
"G320",1920,"NV",77407
"G330",1920,"NH",443083
"G340",1920,"NJ",3155900
"G350",1920,"NM",360350
"G360",1920,"NY",10385228
"G370",1920,"NC",2559123
"G380",1920,"ND",646872
"G390",1920,"OH",5759394
"G400",1920,"OK",2028283
"G410",1920,"OR",783389
"G420",1920,"PA",8720018
"G440",1920,"RI",604397
"G450",1920,"SC",1683724
"G460",1920,"SD",636547
"G470",1920,"TN",2337885
"G480",1920,"TX",4663228
"G490",1920,"UT",449396
"G500",1920,"VT",352428
"G510",1920,"VA",2309187
"G530",1920,"WA",1356621
"G540",1920,"WV",1463701
"G550",1920,"WI",2632067
"G560",1920,"WY",194402
"G010",1930,"AL",2646248
"G025",1930,"DC",59278
"G040",1930,"AZ",435573
"G050",1930,"AR",1854482
"G060",1930,"CA",5677251
"G080",1930,"CO",1035791
"G090",1930,"CT",1606903
"G100",1930,"DE",238380
"G110",1930,"DC",486869
"G120",1930,"FL",1468211
"G130",1930,"GA",2908506
"G155",1930,"DC",368336
"G160",1930,"ID",445032
"G170",1930,"IL",7630654
"G180",1930,"IN",3238503
"G190",1930,"IA",2470939
"G200",1930,"KS",1880999
"G210",1930,"KY",2614589
"G220",1930,"LA",2101593
"G230",1930,"ME",797423
"G240",1930,"MD",1631526
"G250",1930,"MA",4249614
"G260",1930,"MI",4842325
"G270",1930,"MN",2563953
"G280",1930,"MS",2009821
"G290",1930,"MO",3629367
"G300",1930,"MT",537606
"G310",1930,"NE",1377963
"G320",1930,"NV",91058
"G330",1930,"NH",465293
"G340",1930,"NJ",4041334
"G350",1930,"NM",423317
"G360",1930,"NY",12588066
"G370",1930,"NC",3170276
"G380",1930,"ND",680845
"G390",1930,"OH",6646697
"G400",1930,"OK",2396040
"G410",1930,"OR",953786
"G420",1930,"PA",9631350
"G440",1930,"RI",687497
"G450",1930,"SC",1738765
"G460",1930,"SD",692849
"G470",1930,"TN",2616556
"G480",1930,"TX",5824715
"G490",1930,"UT",507847
"G500",1930,"VT",359611
"G510",1930,"VA",2421851
"G530",1930,"WA",1563396
"G540",1930,"WV",1729205
"G550",1930,"WI",2939006
"G560",1930,"WY",225565
"G010",1940,"AL",2832961
"G025",1940,"DC",72524
"G040",1940,"AZ",499261
"G050",1940,"AR",1949387
"G060",1940,"CA",6907387
"G080",1940,"CO",1123296
"G090",1940,"CT",1709242
"G100",1940,"DE",266505
"G110",1940,"DC",663091
"G120",1940,"FL",1897414
"G130",1940,"GA",3123723
"G155",1940,"DC",422770
"G160",1940,"ID",524873
"G170",1940,"IL",7897241
"G180",1940,"IN",3427796
"G190",1940,"IA",2538268
"G200",1940,"KS",1801028
"G210",1940,"KY",2845627
"G220",1940,"LA",2363880
"G230",1940,"ME",847226
"G240",1940,"MD",1821244
"G250",1940,"MA",4316721
"G260",1940,"MI",5256106
"G270",1940,"MN",2792300
"G280",1940,"MS",2183796
"G290",1940,"MO",3784664
"G300",1940,"MT",559456
"G310",1940,"NE",1315834
"G320",1940,"NV",110247
"G330",1940,"NH",491524
"G340",1940,"NJ",4160165
"G350",1940,"NM",531818
"G360",1940,"NY",13479142
"G370",1940,"NC",3571623
"G380",1940,"ND",641935
"G390",1940,"OH",6907612
"G400",1940,"OK",2336434
"G410",1940,"OR",1089684
"G420",1940,"PA",9900180
"G440",1940,"RI",713346
"G450",1940,"SC",1899804
"G460",1940,"SD",642961
"G470",1940,"TN",2915841
"G480",1940,"TX",6414824
"G490",1940,"UT",550310
"G500",1940,"VT",359231
"G510",1940,"VA",2677773
"G530",1940,"WA",1736191
"G540",1940,"WV",1901974
"G550",1940,"WI",3137587
"G560",1940,"WY",250742
"G010",1950,"AL",3061743
"G025",1950,"DC",128643
"G040",1950,"AZ",749587
"G050",1950,"AR",1909511
"G060",1950,"CA",10586224
"G080",1950,"CO",1325089
"G090",1950,"CT",2007280
"G100",1950,"DE",318085
"G110",1950,"DC",802178
"G120",1950,"FL",2771305
"G130",1950,"GA",3444578
"G155",1950,"DC",499794
"G160",1950,"ID",588637
"G170",1950,"IL",8712176
"G180",1950,"IN",3934224
"G190",1950,"IA",2621073
"G200",1950,"KS",1905299
"G210",1950,"KY",2944806
"G220",1950,"LA",2683516
"G230",1950,"ME",913774
"G240",1950,"MD",2343001
"G250",1950,"MA",4690514
"G260",1950,"MI",6371766
"G270",1950,"MN",2982483
"G280",1950,"MS",2178914
"G290",1950,"MO",3954653
"G300",1950,"MT",591024
"G310",1950,"NE",1325510
"G320",1950,"NV",160083
"G330",1950,"NH",533242
"G340",1950,"NJ",4835329
"G350",1950,"NM",681187
"G360",1950,"NY",14830192
"G370",1950,"NC",4061929
"G380",1950,"ND",619636
"G390",1950,"OH",7946627
"G400",1950,"OK",2233351
"G410",1950,"OR",1521341
"G420",1950,"PA",10498012
"G440",1950,"RI",791896
"G450",1950,"SC",2117027
"G460",1950,"SD",652740
"G470",1950,"TN",3291718
"G480",1950,"TX",7711194
"G490",1950,"UT",688862
"G500",1950,"VT",377747
"G510",1950,"VA",3318680
"G530",1950,"WA",2378963
"G540",1950,"WV",2005552
"G550",1950,"WI",3434575
"G560",1950,"WY",290529
"G010",1960,"AL",3266740
"G020",1960,"AK",226167
"G040",1960,"AZ",1302161
"G050",1960,"AR",1786272
"G060",1960,"CA",15717204
"G080",1960,"CO",1753947
"G090",1960,"CT",2535234
"G100",1960,"DE",446292
"G110",1960,"DC",763956
"G120",1960,"FL",4951560
"G130",1960,"GA",3943116
"G150",1960,"HI",632772
"G160",1960,"ID",667191
"G170",1960,"IL",10081158
"G180",1960,"IN",4662498
"G190",1960,"IA",2757537
"G200",1960,"KS",2178611
"G210",1960,"KY",3038156
"G220",1960,"LA",3257022
"G230",1960,"ME",969265
"G240",1960,"MD",3100689
"G250",1960,"MA",5148578
"G260",1960,"MI",7823194
"G270",1960,"MN",3413864
"G280",1960,"MS",2178141
"G290",1960,"MO",4319813
"G300",1960,"MT",674767
"G310",1960,"NE",1411330
"G320",1960,"NV",285278
"G330",1960,"NH",606921
"G340",1960,"NJ",6066782
"G350",1960,"NM",951023
"G360",1960,"NY",16782304
"G370",1960,"NC",4556155
"G380",1960,"ND",632446
"G390",1960,"OH",9706398
"G400",1960,"OK",2328284
"G410",1960,"OR",1768687
"G420",1960,"PA",11319366
"G440",1960,"RI",859488
"G450",1960,"SC",2382594
"G460",1960,"SD",680514
"G470",1960,"TN",3567089
"G480",1960,"TX",9579678
"G490",1960,"UT",890627
"G500",1960,"VT",389881
"G510",1960,"VA",3966949
"G530",1960,"WA",2853214
"G540",1960,"WV",1860421
"G550",1960,"WI",3951777
"G560",1960,"WY",330066
"G010",1970,"AL",3444165
"G020",1970,"AK",300382
"G040",1970,"AZ",1770900
"G050",1970,"AR",1923295
"G060",1970,"CA",19953134
"G080",1970,"CO",2207259
"G090",1970,"CT",3031709
"G100",1970,"DE",548104
"G110",1970,"DC",756510
"G120",1970,"FL",6789443
"G130",1970,"GA",4589575
"G150",1970,"HI",768561
"G160",1970,"ID",712567
"G170",1970,"IL",11113976
"G180",1970,"IN",5193669
"G190",1970,"IA",2824376
"G200",1970,"KS",2246578
"G210",1970,"KY",3218706
"G220",1970,"LA",3641306
"G230",1970,"ME",992048
"G240",1970,"MD",3922399
"G250",1970,"MA",5689170
"G260",1970,"MI",8875083
"G270",1970,"MN",3804971
"G280",1970,"MS",2216912
"G290",1970,"MO",4676501
"G300",1970,"MT",694409
"G310",1970,"NE",1483493
"G320",1970,"NV",488738
"G330",1970,"NH",737681
"G340",1970,"NJ",7168164
"G350",1970,"NM",1016000
"G360",1970,"NY",18236967
"G370",1970,"NC",5082059
"G380",1970,"ND",617761
"G390",1970,"OH",10652017
"G400",1970,"OK",2559229
"G410",1970,"OR",2091385
"G420",1970,"PA",11793909
"G440",1970,"RI",946725
"G450",1970,"SC",2590516
"G460",1970,"SD",665507
"G470",1970,"TN",3923687
"G480",1970,"TX",11196730
"G490",1970,"UT",1059273
"G500",1970,"VT",444330
"G510",1970,"VA",4648494
"G530",1970,"WA",3409169
"G540",1970,"WV",1744237
"G550",1970,"WI",4417731
"G560",1970,"WY",332416
"G010",1980,"AL",3893888
"G020",1980,"AK",401851
"G040",1980,"AZ",2718215
"G050",1980,"AR",2286435
"G060",1980,"CA",23667902
"G080",1980,"CO",2889964
"G090",1980,"CT",3107576
"G100",1980,"DE",594338
"G110",1980,"DC",638333
"G120",1980,"FL",9746324
"G130",1980,"GA",5463105
"G150",1980,"HI",964691
"G160",1980,"ID",943935
"G170",1980,"IL",11426518
"G180",1980,"IN",5490224
"G190",1980,"IA",2913808
"G200",1980,"KS",2363679
"G210",1980,"KY",3660777
"G220",1980,"LA",4205900
"G230",1980,"ME",1124660
"G240",1980,"MD",4216975
"G250",1980,"MA",5737037
"G260",1980,"MI",9262078
"G270",1980,"MN",4075970
"G280",1980,"MS",2520638
"G290",1980,"MO",4916686
"G300",1980,"MT",786690
"G310",1980,"NE",1569825
"G320",1980,"NV",800493
"G330",1980,"NH",920610
"G340",1980,"NJ",7364823
"G350",1980,"NM",1302894
"G360",1980,"NY",17558072
"G370",1980,"NC",5881766
"G380",1980,"ND",652717
"G390",1980,"OH",10797630
"G400",1980,"OK",3025290
"G410",1980,"OR",2633105
"G420",1980,"PA",11863895
"G440",1980,"RI",947154
"G450",1980,"SC",3121820
"G460",1980,"SD",690768
"G470",1980,"TN",4591120
"G480",1980,"TX",14229191
"G490",1980,"UT",1461037
"G500",1980,"VT",511456
"G510",1980,"VA",5346818
"G530",1980,"WA",4132156
"G540",1980,"WV",1949644
"G550",1980,"WI",4705767
"G560",1980,"WY",469557
"G010",1990,"AL",4040587
"G020",1990,"AK",550043
"G040",1990,"AZ",3665228
"G050",1990,"AR",2350725
"G060",1990,"CA",29760021
"G080",1990,"CO",3294394
"G090",1990,"CT",3287116
"G100",1990,"DE",666168
"G110",1990,"DC",606900
"G120",1990,"FL",12937926
"G130",1990,"GA",6478216
"G150",1990,"HI",1108229
"G160",1990,"ID",1006749
"G170",1990,"IL",11430602
"G180",1990,"IN",5544159
"G190",1990,"IA",2776755
"G200",1990,"KS",2477574
"G210",1990,"KY",3685296
"G220",1990,"LA",4219973
"G230",1990,"ME",1227928
"G240",1990,"MD",4781468
"G250",1990,"MA",6016425
"G260",1990,"MI",9295297
"G270",1990,"MN",4375099
"G280",1990,"MS",2573216
"G290",1990,"MO",5117073
"G300",1990,"MT",799065
"G310",1990,"NE",1578385
"G320",1990,"NV",1201833
"G330",1990,"NH",1109252
"G340",1990,"NJ",7730188
"G350",1990,"NM",1515069
"G360",1990,"NY",17990455
"G370",1990,"NC",6628637
"G380",1990,"ND",638800
"G390",1990,"OH",10847115
"G400",1990,"OK",3145585
"G410",1990,"OR",2842321
"G420",1990,"PA",11881643
"G440",1990,"RI",1003464
"G450",1990,"SC",3486703
"G460",1990,"SD",696004
"G470",1990,"TN",4877185
"G480",1990,"TX",16986510
"G490",1990,"UT",1722850
"G500",1990,"VT",562758
"G510",1990,"VA",6187358
"G530",1990,"WA",4866692
"G540",1990,"WV",1793477
"G550",1990,"WI",4891769
"G560",1990,"WY",453588
"G010",2000,"AL",4447100
"G020",2000,"AK",626932
"G040",2000,"AZ",5130632
"G050",2000,"AR",2673400
"G060",2000,"CA",33871648
"G080",2000,"CO",4301261
"G090",2000,"CT",3405565
"G100",2000,"DE",783600
"G110",2000,"DC",572059
"G120",2000,"FL",15982378
"G130",2000,"GA",8186453
"G150",2000,"HI",1211537
"G160",2000,"ID",1293953
"G170",2000,"IL",12419293
"G180",2000,"IN",6080485
"G190",2000,"IA",2926324
"G200",2000,"KS",2688418
"G210",2000,"KY",4041769
"G220",2000,"LA",4468976
"G230",2000,"ME",1274923
"G240",2000,"MD",5296486
"G250",2000,"MA",6349097
"G260",2000,"MI",9938444
"G270",2000,"MN",4919479
"G280",2000,"MS",2844658
"G290",2000,"MO",5595211
"G300",2000,"MT",902195
"G310",2000,"NE",1711263
"G320",2000,"NV",1998257
"G330",2000,"NH",1235786
"G340",2000,"NJ",8414350
"G350",2000,"NM",1819046
"G360",2000,"NY",18976457
"G370",2000,"NC",8049313
"G380",2000,"ND",642200
"G390",2000,"OH",11353140
"G400",2000,"OK",3450654
"G410",2000,"OR",3421399
"G420",2000,"PA",12281054
"G440",2000,"RI",1048319
"G450",2000,"SC",4012012
"G460",2000,"SD",754844
"G470",2000,"TN",5689283
"G480",2000,"TX",20851820
"G490",2000,"UT",2233169
"G500",2000,"VT",608827
"G510",2000,"VA",7078515
"G530",2000,"WA",5894121
"G540",2000,"WV",1808344
"G550",2000,"WI",5363675
"G560",2000,"WY",493782
"G010",2010,"AL",4779736
"G020",2010,"AK",710231
"G040",2010,"AZ",6392017
"G050",2010,"AR",2915918
"G060",2010,"CA",37253956
"G080",2010,"CO",5029196
"G090",2010,"CT",3574097
"G100",2010,"DE",897934
"G110",2010,"DC",601723
"G120",2010,"FL",18801310
"G130",2010,"GA",9687653
"G150",2010,"HI",1360301
"G160",2010,"ID",1567582
"G170",2010,"IL",12830632
"G180",2010,"IN",6483802
"G190",2010,"IA",3046355
"G200",2010,"KS",2853118
"G210",2010,"KY",4339367
"G220",2010,"LA",4533372
"G230",2010,"ME",1328361
"G240",2010,"MD",5773552
"G250",2010,"MA",6547629
"G260",2010,"MI",9883640
"G270",2010,"MN",5303925
"G280",2010,"MS",2967297
"G290",2010,"MO",5988927
"G300",2010,"MT",989415
"G310",2010,"NE",1826341
"G320",2010,"NV",2700551
"G330",2010,"NH",1316470
"G340",2010,"NJ",8791894
"G350",2010,"NM",2059179
"G360",2010,"NY",19378102
"G370",2010,"NC",9535483
"G380",2010,"ND",672591
"G390",2010,"OH",11536504
"G400",2010,"OK",3751351
"G410",2010,"OR",3831074
"G420",2010,"PA",12702379
"G440",2010,"RI",1052567
"G450",2010,"SC",4625364
"G460",2010,"SD",814180
"G470",2010,"TN",6346105
"G480",2010,"TX",25145561
"G490",2010,"UT",2763885
"G500",2010,"VT",625741
"G510",2010,"VA",8001024
"G530",2010,"WA",6724540
"G540",2010,"WV",1852994
"G550",2010,"WI",5686986
"G560",2010,"WY",563626
"G720",2010,"DC",3725789
